<?xml version="1.0" encoding="UTF-8"?>
<project-private xmlns="http://www.netbeans.org/ns/project-private/1">
    <editor-bookmarks xmlns="http://www.netbeans.org/ns/editor-bookmarks/1"/>
    <editor-bookmarks xmlns="http://www.netbeans.org/ns/editor-bookmarks/2" lastBookmarkId="0"/>
    <open-files xmlns="http://www.netbeans.org/ns/projectui-open-files/2">
        <group>
            <file>file:/G:/AgileTEC-Projects-Google-Drive/Projects-2014-15/Completed/P016/CC/src/java/cc/student/StudentManagementServlet.java</file>
            <file>file:/G:/AgileTEC-Projects-Google-Drive/Projects-2014-15/Completed/P016/CC/src/java/cc/student/StudentManager.java</file>
        </group>
    </open-files>
</project-private>
